Dólar Banco Nación,54.25,57.5
Dólar Blue,61.0,61.5
Dólar cdo c/liqui,70.54,72.29
Dólar Banco Nación,54.25,57.5
Dólar Blue,61.0,61.5
Dólar cdo c/liqui,70.54,72.29
Dólar Banco Nación,54.25,57.5
Dólar Blue,61.0,61.5
Dólar cdo c/liqui,70.54,72.29
Dólar Banco Nación,54.25,57.5
Dólar Blue,61.0,61.5
Dólar cdo c/liqui,70.54,72.29
Dólar Banco Nación,54.25,57.5
Dólar Blue,61.0,61.5
Dólar cdo c/liqui,70.54,72.29
Dólar Banco Nación,54.25,57.5
Dólar Blue,61.0,61.5
Dólar cdo c/liqui,70.54,72.29
Dólar Banco Nación,54.25,57.5
Dólar Blue,61.0,61.5
Dólar cdo c/liqui,70.54,72.29
Dólar Banco Nación,54.25,57.5
Dólar Blue,61.0,61.5
Dólar cdo c/liqui,70.54,72.29
Dólar Banco Nación,54.25,57.5
Dólar Blue,61.0,61.5
Dólar cdo c/liqui,70.54,72.29
Dólar Banco Nación,54.25,57.5
Dólar Blue,61.0,61.5
Dólar cdo c/liqui,70.54,72.29
Dólar Banco Nación,54.25,57.5
Dólar Blue,61.0,61.5
Dólar cdo c/liqui,70.54,72.29
Dólar Banco Nación,54.25,57.5
Dólar Blue,61.0,61.5
Dólar cdo c/liqui,70.54,72.29
Dólar Banco Nación,54.25,57.5
Dólar Blue,61.0,61.5
Dólar cdo c/liqui,70.54,72.29
Dólar Banco Nación,54.25,57.5
Dólar Blue,61.0,61.5
Dólar cdo c/liqui,70.54,72.29
Dólar Banco Nación,54.25,57.5
Dólar Blue,61.0,61.5
Dólar cdo c/liqui,70.54,72.29
Dólar Banco Nación,54.25,57.5
Dólar Blue,61.0,61.5
Dólar cdo c/liqui,70.54,72.29
Dólar Banco Nación,54.25,57.5
Dólar Blue,61.0,61.5
Dólar cdo c/liqui,70.54,72.29
Dólar Banco Nación,54.25,57.5
Dólar Blue,61.0,61.5
Dólar cdo c/liqui,70.54,72.29
Dólar Banco Nación,54.25,57.5
Dólar Blue,61.0,61.5
Dólar cdo c/liqui,70.84,80.33
Dólar Banco Nación,54.25,57.5
Dólar Blue,61.0,61.5
Dólar cdo c/liqui,70.84,80.33
Dólar Banco Nación,54.25,57.5
Dólar Blue,61.0,61.5
Dólar cdo c/liqui,70.84,80.33
Dólar Banco Nación,54.25,57.5
Dólar Blue,61.0,61.5
Dólar cdo c/liqui,70.84,80.33
Dólar Banco Nación,54.25,57.5
Dólar Blue,61.0,61.5
Dólar cdo c/liqui,70.84,80.33
Dólar Banco Nación,54.25,57.5
Dólar Blue,61.0,61.5
Dólar cdo c/liqui,70.84,80.33
Dólar Banco Nación,54.25,57.5
Dólar Blue,61.0,61.5
Dólar cdo c/liqui,70.84,80.33
Dólar Banco Nación,54.25,57.5
Dólar Blue,61.0,61.5
Dólar cdo c/liqui,70.84,80.33
Dólar Banco Nación,54.25,57.5
Dólar Blue,61.0,61.5
Dólar cdo c/liqui,70.84,80.33
Dólar Banco Nación,54.25,57.5
Dólar Blue,61.0,61.5
Dólar cdo c/liqui,70.84,80.33
Dólar Banco Nación,54.25,57.5
Dólar Blue,61.0,61.5
Dólar cdo c/liqui,70.84,80.33
Dólar Banco Nación,54.25,57.5
Dólar Blue,61.0,61.5
Dólar cdo c/liqui,70.84,80.33
Dólar Banco Nación,54.25,57.5
Dólar Blue,61.0,61.5
Dólar cdo c/liqui,70.84,80.33
Dólar Banco Nación,54.25,57.5
Dólar Blue,61.0,61.5
Dólar cdo c/liqui,70.84,80.33
Dólar Banco Nación,54.25,57.5
Dólar Blue,61.0,61.5
Dólar cdo c/liqui,70.84,80.33
Dólar Banco Nación,54.25,57.5
Dólar Blue,61.0,61.5
Dólar cdo c/liqui,70.84,80.33
Dólar Banco Nación,54.25,57.5
Dólar Blue,61.0,61.5
Dólar cdo c/liqui,70.84,80.33
Dólar Banco Nación,54.25,57.5
Dólar Blue,61.0,61.5
Dólar cdo c/liqui,70.84,80.33
Dólar Banco Nación,54.25,57.5
Dólar Blue,61.0,61.5
Dólar cdo c/liqui,70.84,80.33
Dólar Banco Nación,54.25,57.5
Dólar Blue,61.0,61.5
Dólar cdo c/liqui,70.84,80.33
Dólar Banco Nación,54.25,57.5
Dólar Blue,61.0,61.5
Dólar cdo c/liqui,70.84,80.33
Dólar Banco Nación,54.25,57.5
Dólar Blue,61.0,61.5
Dólar cdo c/liqui,70.84,80.33
Dólar Banco Nación,54.25,57.5
Dólar Blue,61.0,61.5
Dólar cdo c/liqui,70.84,80.33
Dólar Banco Nación,54.25,57.5
Dólar Blue,61.0,61.5
Dólar cdo c/liqui,70.84,80.33
Dólar Banco Nación,54.25,57.5
Dólar Blue,61.0,61.5
Dólar cdo c/liqui,70.84,80.33
Dólar Banco Nación,54.25,57.5
Dólar Blue,61.0,61.5
Dólar cdo c/liqui,70.84,80.33
Dólar Banco Nación,54.25,57.5
Dólar Blue,61.0,61.5
Dólar cdo c/liqui,70.84,80.33
Dólar Banco Nación,54.25,57.5
Dólar Blue,61.0,61.5
Dólar cdo c/liqui,70.84,80.33
Dólar Banco Nación,54.25,57.5
Dólar Blue,61.0,61.5
Dólar cdo c/liqui,70.84,80.33
Dólar Banco Nación,54.25,57.5
Dólar Blue,61.0,61.5
Dólar cdo c/liqui,70.84,80.33
Dólar Banco Nación,54.25,57.5
Dólar Blue,61.0,61.5
Dólar cdo c/liqui,70.84,80.33
Dólar Banco Nación,54.25,57.5
Dólar Blue,61.0,61.5
Dólar cdo c/liqui,70.84,80.33
Dólar Banco Nación,54.25,57.5
Dólar Blue,61.0,61.5
Dólar cdo c/liqui,70.84,80.33
Dólar Banco Nación,54.25,57.5
Dólar Blue,61.0,61.5
Dólar cdo c/liqui,70.84,80.33
Dólar Banco Nación,54.25,57.5
Dólar Blue,61.0,61.5
Dólar cdo c/liqui,70.84,80.33
Dólar Banco Nación,54.25,57.5
Dólar Blue,61.0,61.5
Dólar cdo c/liqui,70.84,80.33
Dólar Banco Nación,54.25,57.5
Dólar Blue,61.0,61.5
Dólar cdo c/liqui,70.84,80.33
Dólar Banco Nación,54.25,57.5
Dólar Blue,61.0,61.5
Dólar cdo c/liqui,70.84,80.33
Dólar Banco Nación,54.25,57.5
Dólar Blue,61.0,61.5
Dólar cdo c/liqui,70.84,80.33
Dólar Banco Nación,54.25,57.5
Dólar Blue,61.0,61.5
Dólar cdo c/liqui,70.84,80.33
Dólar Banco Nación,54.25,57.5
Dólar Blue,61.0,61.5
Dólar cdo c/liqui,70.84,80.33
Dólar Banco Nación,54.25,57.5
Dólar Blue,61.0,61.5
Dólar cdo c/liqui,70.84,80.33
Dólar Banco Nación,54.25,57.5
Dólar Blue,61.0,61.5
Dólar cdo c/liqui,70.84,80.33
Dólar Banco Nación,54.25,57.5
Dólar Blue,61.0,61.5
Dólar cdo c/liqui,70.84,80.33
Dólar Banco Nación,54.25,57.5
Dólar Blue,61.0,61.5
Dólar cdo c/liqui,70.84,80.33
Dólar Banco Nación,54.25,57.5
Dólar Blue,61.0,61.5
Dólar cdo c/liqui,70.84,80.33
Dólar Banco Nación,54.25,57.5
Dólar Blue,61.0,61.5
Dólar cdo c/liqui,70.84,80.33
Dólar Banco Nación,54.25,57.5
Dólar Blue,61.0,61.5
Dólar cdo c/liqui,70.84,80.33
Dólar Banco Nación,54.25,57.5
Dólar Blue,61.0,61.5
Dólar cdo c/liqui,70.84,80.33
Dólar Banco Nación,54.25,57.5
Dólar Blue,61.0,61.5
Dólar cdo c/liqui,70.84,80.33
Dólar Banco Nación,54.25,57.5
Dólar Blue,61.0,61.5
Dólar cdo c/liqui,70.84,80.33
Dólar Banco Nación,54.25,57.5
Dólar Blue,61.0,61.5
Dólar cdo c/liqui,70.84,80.33
Dólar Banco Nación,54.25,57.5
Dólar Blue,61.0,61.5
Dólar cdo c/liqui,70.84,80.33
Dólar Banco Nación,54.25,57.5
Dólar Blue,61.0,61.5
Dólar cdo c/liqui,70.84,80.33
Dólar Banco Nación,54.25,57.5
Dólar Blue,61.0,61.5
Dólar cdo c/liqui,70.84,80.33
Dólar Banco Nación,54.25,57.5
Dólar Blue,61.0,61.5
Dólar cdo c/liqui,70.84,80.33
Dólar Banco Nación,54.25,57.5
Dólar Blue,61.0,61.5
Dólar cdo c/liqui,70.84,80.33
Dólar Banco Nación,54.25,57.5
Dólar Blue,61.0,61.5
Dólar cdo c/liqui,70.84,80.33
Dólar Banco Nación,54.25,57.5
Dólar Blue,61.0,61.5
Dólar cdo c/liqui,70.84,80.33
Dólar Banco Nación,54.25,57.5
Dólar Blue,61.0,61.5
Dólar cdo c/liqui,70.84,80.33
Dólar Banco Nación,54.25,57.5
Dólar Blue,61.0,61.5
Dólar cdo c/liqui,70.84,80.33
Dólar Banco Nación,54.25,57.5
Dólar Blue,61.0,61.5
Dólar cdo c/liqui,70.84,80.33
Dólar Banco Nación,54.25,57.5
Dólar Blue,61.0,61.5
Dólar cdo c/liqui,70.84,80.33
Dólar Banco Nación,54.25,57.5
Dólar Blue,61.0,61.5
Dólar cdo c/liqui,70.84,80.33
Dólar Banco Nación,54.25,57.5
Dólar Blue,61.0,61.5
Dólar cdo c/liqui,70.84,80.33
Dólar Banco Nación,54.25,57.5
Dólar Blue,61.0,61.5
Dólar cdo c/liqui,70.84,80.33
Dólar Banco Nación,54.25,57.5
Dólar Blue,61.0,61.5
Dólar cdo c/liqui,70.84,80.33
Dólar Banco Nación,54.25,57.5
Dólar Blue,61.0,61.5
Dólar cdo c/liqui,70.84,80.33
Dólar Banco Nación,54.25,57.5
Dólar Blue,61.0,61.5
Dólar cdo c/liqui,70.84,80.33
Dólar Banco Nación,54.25,57.5
Dólar Blue,61.0,61.5
Dólar cdo c/liqui,70.84,80.33
Dólar Banco Nación,54.25,57.5
Dólar Blue,61.0,61.5
Dólar cdo c/liqui,70.84,80.33
Dólar Banco Nación,54.25,57.5
Dólar Blue,61.0,61.5
Dólar cdo c/liqui,70.84,80.33
Dólar Banco Nación,54.25,57.5
Dólar Blue,61.0,61.5
Dólar cdo c/liqui,70.84,80.33
Dólar Banco Nación,54.25,57.5
Dólar Blue,61.0,61.5
Dólar cdo c/liqui,70.84,80.33
Dólar Banco Nación,54.25,57.5
Dólar Blue,61.0,61.5
Dólar cdo c/liqui,70.84,80.33
Dólar Banco Nación,54.25,57.5
Dólar Blue,61.0,61.5
Dólar cdo c/liqui,70.84,80.33
Dólar Banco Nación,54.25,57.5
Dólar Blue,61.0,61.5
Dólar cdo c/liqui,70.84,80.33
Dólar Banco Nación,54.25,57.5
Dólar Blue,61.0,61.5
Dólar cdo c/liqui,70.84,80.33
Dólar Banco Nación,54.25,57.5
Dólar Blue,61.0,61.5
Dólar cdo c/liqui,70.84,80.33
Dólar Banco Nación,54.25,57.5
Dólar Blue,61.0,61.5
Dólar cdo c/liqui,70.84,80.33
Dólar Banco Nación,54.25,57.5
Dólar Blue,61.0,61.5
Dólar cdo c/liqui,70.84,80.33
Dólar Banco Nación,54.25,57.5
Dólar Blue,61.0,61.5
Dólar cdo c/liqui,70.84,80.33
Dólar Banco Nación,54.25,57.5
Dólar Blue,61.0,61.5
Dólar cdo c/liqui,70.84,80.33
Dólar Banco Nación,54.25,57.5
Dólar Blue,61.0,61.5
Dólar cdo c/liqui,70.84,80.33
Dólar Banco Nación,54.25,57.5
Dólar Blue,61.0,61.5
Dólar cdo c/liqui,70.84,80.33
Dólar Banco Nación,54.25,57.5
Dólar Blue,61.0,61.5
Dólar cdo c/liqui,70.84,80.33
Dólar Banco Nación,54.25,57.5
Dólar Blue,61.0,61.5
Dólar cdo c/liqui,70.84,80.33
Dólar Banco Nación,54.25,57.5
Dólar Blue,61.0,61.5
Dólar cdo c/liqui,70.84,80.33
Dólar Banco Nación,54.25,57.5
Dólar Blue,61.0,61.5
Dólar cdo c/liqui,70.84,80.33
Dólar Banco Nación,54.25,57.5
Dólar Blue,61.0,61.5
Dólar cdo c/liqui,70.84,80.33
Dólar Banco Nación,54.25,57.5
Dólar Blue,61.0,61.5
Dólar cdo c/liqui,70.84,80.33
Dólar Banco Nación,54.25,57.5
Dólar Blue,61.0,61.5
Dólar cdo c/liqui,70.84,80.33
Dólar Banco Nación,54.25,57.5
Dólar Blue,61.0,61.5
Dólar cdo c/liqui,70.84,80.33
Dólar Banco Nación,54.25,57.5
Dólar Blue,61.0,61.5
Dólar cdo c/liqui,70.84,80.33
Dólar Banco Nación,54.25,57.5
Dólar Blue,61.0,61.5
Dólar cdo c/liqui,70.84,80.33
Dólar Banco Nación,54.25,57.5
Dólar Blue,61.0,61.5
Dólar cdo c/liqui,70.84,80.33
Dólar Banco Nación,54.25,57.5
Dólar Blue,61.0,61.5
Dólar cdo c/liqui,70.84,80.33
Dólar Banco Nación,54.25,57.5
Dólar Blue,61.0,61.5
Dólar cdo c/liqui,70.84,80.33
Dólar Banco Nación,54.25,57.5
Dólar Blue,61.0,61.5
Dólar cdo c/liqui,70.84,80.33
Dólar Banco Nación,54.25,57.5
Dólar Blue,61.0,61.5
Dólar cdo c/liqui,70.84,80.33
